region,total_sales_amount,total_orders,avg_order_value
South,9268.98,2,4634.49
SouthWest,4634.49,1,4634.49
West,2246.5400000000004,4,561.6350000000001
North,2131.56,2,1065.78
East,1090.8100000000002,1,1090.8100000000002
NorthEast,1065.78,1,1065.78
NorthWest,32.46,1,32.46
