region,total_sales_amount,total_orders,avg_order_value
south,4634.49,1,4634.49
West,1123.2700000000002,2,561.6350000000001
North,1065.78,1,1065.78
