region,total_sales_amount,total_orders,avg_order_value
south,9268.98,2,4634.49
West,2246.5400000000004,4,561.6350000000001
North,2131.56,2,1065.78
